<?xml version="1.0" encoding="UTF-8"?>
<assessmentItem xmlns="http://www.imsglobal.org/xsd/imsqti_v2p1" xmlns:xsi="http://www.w3.org/2001/XMLSchema-instance" xsi:schemaLocation="http://www.imsglobal.org/xsd/imsqti_v2p1 http://www.imsglobal.org/xsd/qti/qtiv2p1/imsqti_v2p1.xsd" identifier="cyan_stork" title="complex_gap_task" adaptive="false" timeDependent="false">
  <responseDeclaration identifier="str_1" cardinality="single" baseType="string">
    <correctResponse>
      <value>+</value>
    </correctResponse>
    <mapping>
      <mapEntry mapKey="+" mappedValue="1"/>
    </mapping>
  </responseDeclaration>
  <responseDeclaration identifier="numeric_1" cardinality="single" baseType="float">
    <correctResponse>
      <value>7</value>
    </correctResponse>
  </responseDeclaration>
  <outcomeDeclaration identifier="SCORE_numeric_1" cardinality="single" baseType="float">
    <defaultValue>
      <value>0</value>
    </defaultValue>
  </outcomeDeclaration>
  <outcomeDeclaration identifier="MAXSCORE_numeric_1" cardinality="single" baseType="float">
    <defaultValue>
      <value>1</value>
    </defaultValue>
  </outcomeDeclaration>
  <itemBody>
    5 
    <textEntryInteraction responseIdentifier="str_1" placeholderText="+ or -"/>
     2 = 
    <textEntryInteraction responseIdentifier="numeric_1" expectedLength="11" placeholderText="here is number"/>
  </itemBody>
  <responseProcessing>
    <responseCondition>
      <responseIf>
        <equal toleranceMode="absolute" tolerance="1 1" includeLowerBound="true" includeUpperBound="true">
          <variable identifier="numeric_1"/>
          <correct identifier="numeric_1"/>
        </equal>
        <setOutcomeValue identifier="SCORE_numeric_1">
          <variable identifier="MAXSCORE_numeric_1"/>
        </setOutcomeValue>
      </responseIf>
    </responseCondition>
  </responseProcessing>
</assessmentItem>
