<?xml version="1.0" encoding="UTF-8"?>
<assessmentItem xmlns="http://www.imsglobal.org/xsd/imsqti_v2p1" xmlns:xsi="http://www.w3.org/2001/XMLSchema-instance" xsi:schemaLocation="http://www.imsglobal.org/xsd/imsqti_v2p1 http://www.imsglobal.org/xsd/qti/qtiv2p1/imsqti_v2p1.xsd" identifier="cyan_stork" title="dropdown1" adaptive="false" timeDependent="false">
  <responseDeclaration identifier="list_1" cardinality="single" baseType="identifier">
    <correctResponse>
      <value>OptionA</value>
    </correctResponse>
    <mapping>
      <mapEntry mapKey="OptionA" mappedValue="1"/>
    </mapping>
  </responseDeclaration>
  <outcomeDeclaration identifier="SCORE_list_1" cardinality="single" baseType="float">
    <defaultValue>
      <value>1</value>
    </defaultValue>
  </outcomeDeclaration>
  <outcomeDeclaration identifier="MAXSCORE_list_1" cardinality="single" baseType="float">
    <defaultValue>
      <value>1</value>
    </defaultValue>
  </outcomeDeclaration>
  <itemBody>
    first line
    <inlineChoiceInteraction shuffle="TRUE" responseIdentifier="list_1"><inlineChoice identifier="OptionA">a</inlineChoice><inlineChoice identifier="OptionB">b</inlineChoice><inlineChoice identifier="OptionC">c</inlineChoice></inlineChoiceInteraction>
  </itemBody>
  <responseProcessing>
    <responseCondition>
      <responseIf>
        <match>
          <variable identifier="list_1"/>
          <correct identifier="list_1"/>
        </match>
        <setOutcomeValue identifier="SCORE_list_1">
          <baseValue baseType="float">1</baseValue>
        </setOutcomeValue>
      </responseIf>
    </responseCondition>
  </responseProcessing>
</assessmentItem>
