<?xml version="1.0" encoding="UTF-8"?>
<assessmentItem xmlns="http://www.imsglobal.org/xsd/imsqti_v2p1" xmlns:xsi="http://www.w3.org/2001/XMLSchema-instance" xsi:schemaLocation="http://www.imsglobal.org/xsd/imsqti_v2p1 http://www.imsglobal.org/xsd/qti/qtiv2p1/imsqti_v2p1.xsd" identifier="cyan_stork" title="multiple_choice_task" adaptive="false" timeDependent="false">
  <responseDeclaration identifier="RESPONSE" cardinality="multiple" baseType="identifier">
    <correctResponse>
      <value>ChoiceA</value>
      <value>ChoiceB</value>
    </correctResponse>
    <mapping lowerBound="0" upperBound="2" defaultValue="0">
      <mapEntry mapKey="ChoiceA" mappedValue="1"/>
      <mapEntry mapKey="ChoiceB" mappedValue="1"/>
      <mapEntry mapKey="ChoiceC" mappedValue="-1"/>
      <mapEntry mapKey="ChoiceD" mappedValue="0"/>
    </mapping>
  </responseDeclaration>
  <outcomeDeclaration identifier="MAXSCORE" cardinality="single" baseType="float">
    <defaultValue>
      <value>2</value>
    </defaultValue>
  </outcomeDeclaration>
  <itemBody>
    This is the mpc question
    <choiceInteraction shuffle="TRUE" maxChoices="0" responseIdentifier="RESPONSE"><simpleChoice identifier="ChoiceA">A</simpleChoice><simpleChoice identifier="ChoiceB">B</simpleChoice><simpleChoice identifier="ChoiceC">C</simpleChoice><simpleChoice identifier="ChoiceD">D</simpleChoice></choiceInteraction>
  </itemBody>
</assessmentItem>
