<?xml version="1.0" encoding="UTF-8"?>
<assessmentItem xmlns="http://www.imsglobal.org/xsd/imsqti_v2p1" xmlns:xsi="http://www.w3.org/2001/XMLSchema-instance" xsi:schemaLocation="http://www.imsglobal.org/xsd/imsqti_v2p1 http://www.imsglobal.org/xsd/qti/qtiv2p1/imsqti_v2p1.xsd" identifier="order_id" title="order_task" adaptive="false" timeDependent="false">
  <responseDeclaration identifier="RESPONSE" cardinality="ordered" baseType="identifier">
    <correctResponse>
      <value>ChoiceA</value>
      <value>ChoiceB</value>
      <value>ChoiceC</value>
    </correctResponse>
  </responseDeclaration>
  <outcomeDeclaration identifier="SCORE" cardinality="single" baseType="float">
    <defaultValue>
      <value>5</value>
    </defaultValue>
  </outcomeDeclaration>
  <outcomeDeclaration identifier="MAXSCORE" cardinality="single" baseType="float">
    <defaultValue>
      <value>5</value>
    </defaultValue>
  </outcomeDeclaration>
  <itemBody>
    put in a right order
    <orderInteraction responseIdentifier="RESPONSE" shuffle="TRUE"><simpleChoice identifier="ChoiceA">first</simpleChoice><simpleChoice identifier="ChoiceB">second</simpleChoice><simpleChoice identifier="ChoiceC">third</simpleChoice></orderInteraction>
  </itemBody>
  <responseCondition>
    <responseIf>
      <match>
        <variable identifier="RESPONSE"/>
        <correct identifier="RESPONSE"/>
      </match>
      <setOutcomeValue identifier="SCORE">
        <baseValue baseType="float">5</baseValue>
      </setOutcomeValue>
    </responseIf>
  </responseCondition>
</assessmentItem>
