<?xml version="1.0" encoding="UTF-8"?>
<assessmentItem xmlns="http://www.imsglobal.org/xsd/imsqti_v2p1" xmlns:xsi="http://www.w3.org/2001/XMLSchema-instance" xsi:schemaLocation="http://www.imsglobal.org/xsd/imsqti_v2p1 http://www.imsglobal.org/xsd/qti/qtiv2p1/imsqti_v2p1.xsd" identifier="cyan_stork" title="single_choice_task" adaptive="false" timeDependent="false">
  <responseDeclaration identifier="RESPONSE" cardinality="single" baseType="identifier">
    <correctResponse>
      <value>ChoiceA</value>
    </correctResponse>
  </responseDeclaration>
  <outcomeDeclaration identifier="SCORE" cardinality="single" baseType="float">
    <defaultValue>
      <value>2</value>
    </defaultValue>
  </outcomeDeclaration>
  <outcomeDeclaration identifier="MAXSCORE" cardinality="single" baseType="float">
    <defaultValue>
      <value>2</value>
    </defaultValue>
  </outcomeDeclaration>
  <itemBody>
    <p>With SQL, how do you select <b>all the records</b> from a table named Persons where the value of the column FirstName is Peter?<br/>SELECT * FROM
    <br/>
    this is the second line of text</p>
    <choiceInteraction shuffle="TRUE" maxChoices="1" responseIdentifier="RESPONSE">
      <simpleChoice identifier="ChoiceA">You must stay with your luggage at all times.</simpleChoice>
      <simpleChoice identifier="ChoiceB">Bb</simpleChoice>
      <simpleChoice identifier="ChoiceC">Cc</simpleChoice>
      <simpleChoice identifier="ChoiceD">Dd</simpleChoice>
    </choiceInteraction>
  </itemBody>
</assessmentItem>
