<?xml version="1.0" encoding="UTF-8"?>
<assessmentItem xmlns="http://www.imsglobal.org/xsd/imsqti_v2p1" xmlns:xsi="http://www.w3.org/2001/XMLSchema-instance" xsi:schemaLocation="http://www.imsglobal.org/xsd/imsqti_v2p1 http://www.imsglobal.org/xsd/qti/qtiv2p1/imsqti_v2p1.xsd" identifier="cyan_stork" title="text_gaps_task" adaptive="false" timeDependent="false">
  <responseDeclaration identifier="response_1" cardinality="single" baseType="string">
    <correctResponse>
      <value>Persons</value>
    </correctResponse>
    <mapping>
      <mapEntry mapKey="Persons" mappedValue="1"/>
      <mapEntry mapKey="persons" mappedValue="1"/>
    </mapping>
  </responseDeclaration>
  <responseDeclaration identifier="response_2" cardinality="single" baseType="string">
    <correctResponse>
      <value>FirsName</value>
    </correctResponse>
    <mapping>
      <mapEntry mapKey="FirsName" mappedValue="1"/>
    </mapping>
  </responseDeclaration>
  <itemBody>
    <h2>some markdown title1</h2>
    <h1><b>Some title</b><br/>svsdvsdvsd</h1>
    <p>With <em>SQL</em>, how do you select <b>all the records</b> from a table named <em><strong>Persons</strong></em> where the value of the column <i>FirstName</i> is Peter?<br/>SELECT * FROM
    <textEntryInteraction responseIdentifier="response_1" expectedLength="13" placeholderText="name of table"/>
     <em>WHERE</em>
    <textEntryInteraction responseIdentifier="response_2"/>
    =‘Peter’</p>
    <h3>markdown title 2</h3>
    <p>Put the right answers in the text field above.
    </p>
  </itemBody>
  <responseProcessing/>
</assessmentItem>
