<?xml version="1.0" encoding="UTF-8"?>
<manifest xmlns="http://www.imsglobal.org/xsd/imscp_v1p1" xmlns:xsi="http://www.w3.org/2001/XMLSchema-instance" xsi:schemaLocation="http://www.imsglobal.org/xsd/imscp_v1p1 http://www.imsglobal.org/xsd/qti/qtiv2p1/qtiv2p1_imscpv1p2_v1p0.xsd http://www.imsglobal.org/xsd/imsqti_v2p1 http://www.imsglobal.org/xsd/qti/qtiv2p1/imsqti_v2p1p1.xsd http://www.imsglobal.org/xsd/imsqti_metadata_v2p1 http://www.imsglobal.org/xsd/qti/qtiv2p1/imsqti_metadata_v2p1p1.xsd http://ltsc.ieee.org/xsd/LOM http://www.imsglobal.org/xsd/imsmd_loose_v1p3p2.xsd http://www.w3.org/1998/Math/MathML http://www.w3.org/Math/XMLSchema/mathml2/mathml2.xsd" identifier="QTIJS Preview_manifest">
  <metadata/>
  <organisations/>
  <resources>
    <resource identifier="id_test" type="imsqti_test_xmlv2p1" href="id_test.xml">
      <file href="id_test.xml"/>
      <dependency identifierref="sc1d"/>
    </resource>
    <resource identifier="sc1d" type="imsqti_item_xmlv2p1" href="sc1d.xml">
      <file href="sc1d.xml"/>
    </resource>
  </resources>
</manifest>
